--
-- PostgreSQL database dump
--

-- Dumped from database version 12.17 (Ubuntu 12.17-1.pgdg22.04+1)
-- Dumped by pg_dump version 12.17 (Ubuntu 12.17-1.pgdg22.04+1)

SET statement_timeout = 0;
SET lock_timeout = 0;
SET idle_in_transaction_session_timeout = 0;
SET client_encoding = 'UTF8';
SET standard_conforming_strings = on;
SELECT pg_catalog.set_config('search_path', '', false);
SET check_function_bodies = false;
SET xmloption = content;
SET client_min_messages = warning;
SET row_security = off;

DROP DATABASE universe;
--
-- Name: universe; Type: DATABASE; Schema: -; Owner: freecodecamp
--

CREATE DATABASE universe WITH TEMPLATE = template0 ENCODING = 'UTF8' LC_COLLATE = 'C.UTF-8' LC_CTYPE = 'C.UTF-8';


ALTER DATABASE universe OWNER TO freecodecamp;

\connect universe

SET statement_timeout = 0;
SET lock_timeout = 0;
SET idle_in_transaction_session_timeout = 0;
SET client_encoding = 'UTF8';
SET standard_conforming_strings = on;
SELECT pg_catalog.set_config('search_path', '', false);
SET check_function_bodies = false;
SET xmloption = content;
SET client_min_messages = warning;
SET row_security = off;

SET default_tablespace = '';

SET default_table_access_method = heap;

--
-- Name: asteroid; Type: TABLE; Schema: public; Owner: freecodecamp
--

CREATE TABLE public.asteroid (
    asteroid_id integer NOT NULL,
    name character varying(100) NOT NULL,
    diameter_km numeric NOT NULL,
    composition text,
    is_potentially_hazardous boolean NOT NULL
);


ALTER TABLE public.asteroid OWNER TO freecodecamp;

--
-- Name: asteroid_asteroid_id_seq; Type: SEQUENCE; Schema: public; Owner: freecodecamp
--

CREATE SEQUENCE public.asteroid_asteroid_id_seq
    AS integer
    START WITH 1
    INCREMENT BY 1
    NO MINVALUE
    NO MAXVALUE
    CACHE 1;


ALTER TABLE public.asteroid_asteroid_id_seq OWNER TO freecodecamp;

--
-- Name: asteroid_asteroid_id_seq; Type: SEQUENCE OWNED BY; Schema: public; Owner: freecodecamp
--

ALTER SEQUENCE public.asteroid_asteroid_id_seq OWNED BY public.asteroid.asteroid_id;


--
-- Name: galaxy; Type: TABLE; Schema: public; Owner: freecodecamp
--

CREATE TABLE public.galaxy (
    galaxy_id integer NOT NULL,
    name character varying(100) NOT NULL,
    galaxy_type text NOT NULL,
    distance_from_earth numeric,
    has_black_hole boolean DEFAULT true NOT NULL
);


ALTER TABLE public.galaxy OWNER TO freecodecamp;

--
-- Name: galaxy_galaxy_id_seq; Type: SEQUENCE; Schema: public; Owner: freecodecamp
--

CREATE SEQUENCE public.galaxy_galaxy_id_seq
    AS integer
    START WITH 1
    INCREMENT BY 1
    NO MINVALUE
    NO MAXVALUE
    CACHE 1;


ALTER TABLE public.galaxy_galaxy_id_seq OWNER TO freecodecamp;

--
-- Name: galaxy_galaxy_id_seq; Type: SEQUENCE OWNED BY; Schema: public; Owner: freecodecamp
--

ALTER SEQUENCE public.galaxy_galaxy_id_seq OWNED BY public.galaxy.galaxy_id;


--
-- Name: moon; Type: TABLE; Schema: public; Owner: freecodecamp
--

CREATE TABLE public.moon (
    moon_id integer NOT NULL,
    name character varying(100) NOT NULL,
    planet_id integer NOT NULL,
    radius_km numeric NOT NULL,
    discovered_year integer NOT NULL,
    is_artificial boolean DEFAULT false
);


ALTER TABLE public.moon OWNER TO freecodecamp;

--
-- Name: moon_moon_id_seq; Type: SEQUENCE; Schema: public; Owner: freecodecamp
--

CREATE SEQUENCE public.moon_moon_id_seq
    AS integer
    START WITH 1
    INCREMENT BY 1
    NO MINVALUE
    NO MAXVALUE
    CACHE 1;


ALTER TABLE public.moon_moon_id_seq OWNER TO freecodecamp;

--
-- Name: moon_moon_id_seq; Type: SEQUENCE OWNED BY; Schema: public; Owner: freecodecamp
--

ALTER SEQUENCE public.moon_moon_id_seq OWNED BY public.moon.moon_id;


--
-- Name: planet; Type: TABLE; Schema: public; Owner: freecodecamp
--

CREATE TABLE public.planet (
    planet_id integer NOT NULL,
    name character varying(100) NOT NULL,
    star_id integer NOT NULL,
    planet_type text NOT NULL,
    has_life boolean DEFAULT false NOT NULL,
    orbital_period_days numeric,
    number_of_moons integer
);


ALTER TABLE public.planet OWNER TO freecodecamp;

--
-- Name: planet_planet_id_seq; Type: SEQUENCE; Schema: public; Owner: freecodecamp
--

CREATE SEQUENCE public.planet_planet_id_seq
    AS integer
    START WITH 1
    INCREMENT BY 1
    NO MINVALUE
    NO MAXVALUE
    CACHE 1;


ALTER TABLE public.planet_planet_id_seq OWNER TO freecodecamp;

--
-- Name: planet_planet_id_seq; Type: SEQUENCE OWNED BY; Schema: public; Owner: freecodecamp
--

ALTER SEQUENCE public.planet_planet_id_seq OWNED BY public.planet.planet_id;


--
-- Name: star; Type: TABLE; Schema: public; Owner: freecodecamp
--

CREATE TABLE public.star (
    star_id integer NOT NULL,
    name character varying(100) NOT NULL,
    galaxy_id integer NOT NULL,
    mass numeric NOT NULL,
    age_in_millions_of_years integer,
    is_supernova boolean DEFAULT false
);


ALTER TABLE public.star OWNER TO freecodecamp;

--
-- Name: star_star_id_seq; Type: SEQUENCE; Schema: public; Owner: freecodecamp
--

CREATE SEQUENCE public.star_star_id_seq
    AS integer
    START WITH 1
    INCREMENT BY 1
    NO MINVALUE
    NO MAXVALUE
    CACHE 1;


ALTER TABLE public.star_star_id_seq OWNER TO freecodecamp;

--
-- Name: star_star_id_seq; Type: SEQUENCE OWNED BY; Schema: public; Owner: freecodecamp
--

ALTER SEQUENCE public.star_star_id_seq OWNED BY public.star.star_id;


--
-- Name: asteroid asteroid_id; Type: DEFAULT; Schema: public; Owner: freecodecamp
--

ALTER TABLE ONLY public.asteroid ALTER COLUMN asteroid_id SET DEFAULT nextval('public.asteroid_asteroid_id_seq'::regclass);


--
-- Name: galaxy galaxy_id; Type: DEFAULT; Schema: public; Owner: freecodecamp
--

ALTER TABLE ONLY public.galaxy ALTER COLUMN galaxy_id SET DEFAULT nextval('public.galaxy_galaxy_id_seq'::regclass);


--
-- Name: moon moon_id; Type: DEFAULT; Schema: public; Owner: freecodecamp
--

ALTER TABLE ONLY public.moon ALTER COLUMN moon_id SET DEFAULT nextval('public.moon_moon_id_seq'::regclass);


--
-- Name: planet planet_id; Type: DEFAULT; Schema: public; Owner: freecodecamp
--

ALTER TABLE ONLY public.planet ALTER COLUMN planet_id SET DEFAULT nextval('public.planet_planet_id_seq'::regclass);


--
-- Name: star star_id; Type: DEFAULT; Schema: public; Owner: freecodecamp
--

ALTER TABLE ONLY public.star ALTER COLUMN star_id SET DEFAULT nextval('public.star_star_id_seq'::regclass);


--
-- Data for Name: asteroid; Type: TABLE DATA; Schema: public; Owner: freecodecamp
--

INSERT INTO public.asteroid VALUES (1, 'Ceres', 939.4, 'Rocky', false);
INSERT INTO public.asteroid VALUES (2, 'Vesta', 525.4, 'Rocky', false);
INSERT INTO public.asteroid VALUES (3, 'Apophis', 0.325, 'Iron', true);


--
-- Data for Name: galaxy; Type: TABLE DATA; Schema: public; Owner: freecodecamp
--

INSERT INTO public.galaxy VALUES (1, 'Milky Way', 'Spiral', 0, true);
INSERT INTO public.galaxy VALUES (2, 'Andromeda', 'Spiral', 2537000, true);
INSERT INTO public.galaxy VALUES (3, 'Triangulum', 'Spiral', 3000000, true);
INSERT INTO public.galaxy VALUES (4, 'Sombrero', 'Elliptical', 29000000, true);
INSERT INTO public.galaxy VALUES (5, 'Whirlpool', 'Spiral', 23000000, true);
INSERT INTO public.galaxy VALUES (6, 'Large Magellanic Cloud', 'Irregular', 163000, false);


--
-- Data for Name: moon; Type: TABLE DATA; Schema: public; Owner: freecodecamp
--

INSERT INTO public.moon VALUES (1, 'Moon', 1, 1737.1, 0, false);
INSERT INTO public.moon VALUES (2, 'Phobos', 2, 11.3, 1877, false);
INSERT INTO public.moon VALUES (3, 'Deimos', 2, 6.2, 1877, false);
INSERT INTO public.moon VALUES (4, 'Europa', 3, 1560.8, 1610, false);
INSERT INTO public.moon VALUES (5, 'Ganymede', 3, 2634.1, 1610, false);
INSERT INTO public.moon VALUES (6, 'Callisto', 3, 2410.3, 1610, false);
INSERT INTO public.moon VALUES (7, 'Io', 3, 1821.6, 1610, false);
INSERT INTO public.moon VALUES (8, 'ExoMoon A', 4, 2000, 2020, false);
INSERT INTO public.moon VALUES (9, 'ExoMoon B', 4, 1500, 2021, false);
INSERT INTO public.moon VALUES (10, 'ExoMoon C', 4, 1000, 2022, false);
INSERT INTO public.moon VALUES (11, 'AstroMoon 1', 5, 1200, 1990, false);
INSERT INTO public.moon VALUES (12, 'AstroMoon 2', 5, 800, 1992, false);
INSERT INTO public.moon VALUES (13, 'MiniMoon 1', 6, 10, 2000, false);
INSERT INTO public.moon VALUES (14, 'MiniMoon 2', 6, 5, 2001, false);
INSERT INTO public.moon VALUES (15, 'WhirlMoon A', 10, 900, 1800, false);
INSERT INTO public.moon VALUES (16, 'WhirlMoon B', 10, 850, 1850, false);
INSERT INTO public.moon VALUES (17, 'LMC Moon 1', 11, 1000, 1900, false);
INSERT INTO public.moon VALUES (18, 'LMC Moon 2', 11, 950, 1950, false);
INSERT INTO public.moon VALUES (19, 'LMC Moon 3', 12, 1100, 2000, false);
INSERT INTO public.moon VALUES (20, 'LMC Moon 4', 12, 1050, 2005, false);


--
-- Data for Name: planet; Type: TABLE DATA; Schema: public; Owner: freecodecamp
--

INSERT INTO public.planet VALUES (1, 'Earth', 1, 'Terrestrial', true, 365.25, 1);
INSERT INTO public.planet VALUES (2, 'Mars', 1, 'Terrestrial', false, 687, 2);
INSERT INTO public.planet VALUES (3, 'Jupiter', 1, 'Gas Giant', false, 4333, 79);
INSERT INTO public.planet VALUES (4, 'Kepler-22b', 2, 'Super-Earth', false, 289.9, 0);
INSERT INTO public.planet VALUES (5, 'ExoPlanet X', 3, 'Gas Giant', false, 1200, 10);
INSERT INTO public.planet VALUES (6, 'Sirius b Planet', 4, 'Dwarf', false, 50, 0);
INSERT INTO public.planet VALUES (7, 'Andro Planet 1', 5, 'Ice Giant', false, 305, 3);
INSERT INTO public.planet VALUES (8, 'Triangulum Planet 1', 3, 'Rocky', false, 200, 1);
INSERT INTO public.planet VALUES (9, 'Sombrero Planet 1', 6, 'Terrestrial', false, 400, 0);
INSERT INTO public.planet VALUES (10, 'Whirlpool Planet 1', 5, 'Gas Giant', false, 1000, 2);
INSERT INTO public.planet VALUES (11, 'LMC Planet 1', 6, 'Terrestrial', false, 500, 1);
INSERT INTO public.planet VALUES (12, 'LMC Planet 2', 6, 'Ice Giant', false, 600, 0);


--
-- Data for Name: star; Type: TABLE DATA; Schema: public; Owner: freecodecamp
--

INSERT INTO public.star VALUES (1, 'Sun', 1, 1.0, 4600, false);
INSERT INTO public.star VALUES (2, 'Proxima Centauri', 1, 0.122, 4500, false);
INSERT INTO public.star VALUES (3, 'Rigel', 1, 17, 8, false);
INSERT INTO public.star VALUES (4, 'Sirius A', 1, 2.02, 242, false);
INSERT INTO public.star VALUES (5, 'Andromeda Star 1', 2, 1.1, 5000, false);
INSERT INTO public.star VALUES (6, 'Sombrero Star 1', 4, 3.5, 2000, false);


--
-- Name: asteroid_asteroid_id_seq; Type: SEQUENCE SET; Schema: public; Owner: freecodecamp
--

SELECT pg_catalog.setval('public.asteroid_asteroid_id_seq', 3, true);


--
-- Name: galaxy_galaxy_id_seq; Type: SEQUENCE SET; Schema: public; Owner: freecodecamp
--

SELECT pg_catalog.setval('public.galaxy_galaxy_id_seq', 6, true);


--
-- Name: moon_moon_id_seq; Type: SEQUENCE SET; Schema: public; Owner: freecodecamp
--

SELECT pg_catalog.setval('public.moon_moon_id_seq', 20, true);


--
-- Name: planet_planet_id_seq; Type: SEQUENCE SET; Schema: public; Owner: freecodecamp
--

SELECT pg_catalog.setval('public.planet_planet_id_seq', 12, true);


--
-- Name: star_star_id_seq; Type: SEQUENCE SET; Schema: public; Owner: freecodecamp
--

SELECT pg_catalog.setval('public.star_star_id_seq', 6, true);


--
-- Name: asteroid asteroid_name_key; Type: CONSTRAINT; Schema: public; Owner: freecodecamp
--

ALTER TABLE ONLY public.asteroid
    ADD CONSTRAINT asteroid_name_key UNIQUE (name);


--
-- Name: asteroid asteroid_pkey; Type: CONSTRAINT; Schema: public; Owner: freecodecamp
--

ALTER TABLE ONLY public.asteroid
    ADD CONSTRAINT asteroid_pkey PRIMARY KEY (asteroid_id);


--
-- Name: galaxy galaxy_name_key; Type: CONSTRAINT; Schema: public; Owner: freecodecamp
--

ALTER TABLE ONLY public.galaxy
    ADD CONSTRAINT galaxy_name_key UNIQUE (name);


--
-- Name: galaxy galaxy_pkey; Type: CONSTRAINT; Schema: public; Owner: freecodecamp
--

ALTER TABLE ONLY public.galaxy
    ADD CONSTRAINT galaxy_pkey PRIMARY KEY (galaxy_id);


--
-- Name: moon moon_name_key; Type: CONSTRAINT; Schema: public; Owner: freecodecamp
--

ALTER TABLE ONLY public.moon
    ADD CONSTRAINT moon_name_key UNIQUE (name);


--
-- Name: moon moon_pkey; Type: CONSTRAINT; Schema: public; Owner: freecodecamp
--

ALTER TABLE ONLY public.moon
    ADD CONSTRAINT moon_pkey PRIMARY KEY (moon_id);


--
-- Name: planet planet_name_key; Type: CONSTRAINT; Schema: public; Owner: freecodecamp
--

ALTER TABLE ONLY public.planet
    ADD CONSTRAINT planet_name_key UNIQUE (name);


--
-- Name: planet planet_pkey; Type: CONSTRAINT; Schema: public; Owner: freecodecamp
--

ALTER TABLE ONLY public.planet
    ADD CONSTRAINT planet_pkey PRIMARY KEY (planet_id);


--
-- Name: star star_name_key; Type: CONSTRAINT; Schema: public; Owner: freecodecamp
--

ALTER TABLE ONLY public.star
    ADD CONSTRAINT star_name_key UNIQUE (name);


--
-- Name: star star_pkey; Type: CONSTRAINT; Schema: public; Owner: freecodecamp
--

ALTER TABLE ONLY public.star
    ADD CONSTRAINT star_pkey PRIMARY KEY (star_id);


--
-- Name: moon moon_planet_id_fkey; Type: FK CONSTRAINT; Schema: public; Owner: freecodecamp
--

ALTER TABLE ONLY public.moon
    ADD CONSTRAINT moon_planet_id_fkey FOREIGN KEY (planet_id) REFERENCES public.planet(planet_id);


--
-- Name: planet planet_star_id_fkey; Type: FK CONSTRAINT; Schema: public; Owner: freecodecamp
--

ALTER TABLE ONLY public.planet
    ADD CONSTRAINT planet_star_id_fkey FOREIGN KEY (star_id) REFERENCES public.star(star_id);


--
-- Name: star star_galaxy_id_fkey; Type: FK CONSTRAINT; Schema: public; Owner: freecodecamp
--

ALTER TABLE ONLY public.star
    ADD CONSTRAINT star_galaxy_id_fkey FOREIGN KEY (galaxy_id) REFERENCES public.galaxy(galaxy_id);


--
-- PostgreSQL database dump complete
--

